Muestras gratis y regalos de las revistas octubre 2015;;Muestras gratis y regalos de las revistas de Octubre 2015;pyc.jpg;;ASIS
Muestras gratis y regalos de las revistas octubre 2015;;La revista Glamour viene con un bote de crema corporal con extracto de nenúfar de la marca Misslyn, su precio son 3 Euros;http://scontent-mad1-1.cdninstagram.com/hphotos-xfa1/t51.2885-15/s320x320/e35/11906264_1632576777008758_155447351_n.jpg;;ASIS
Muestras gratis y regalos de las revistas octubre 2015;;La revista Women's Health regala una lata de 330 ml de Buckler Radler 0.0 con zumo de limón, su precio 3 Euros con 50;http://3.bp.blogspot.com/-NzKZoA5V43o/VgHA8mesmII/AAAAAAAAPkY/A6EFHtmkhPI/s640/Regalos%2BRevistas%2BOctubre%2B2015%2B-%2BWomen%2527s%2BHealth.jpg;;ASIS
Muestras gratis y regalos de las revistas octubre 2015;;La revista AR regala una muestra de la nueva crema facial del Lidl, su precio es 2 euros con 50;http://4.bp.blogspot.com/-Omwlj7rsoO8/VgHAzcn1lbI/AAAAAAAAPjk/jR8BTnsp9vA/s640/Regalos%2BRevistas%2BOctubre%2B2015%2B-%2BAR.jpg;;ASIS
Muestras gratis y regalos de las revistas octubre 2015;;La revista Clara lleva una city guide National Geographic, su precio 3 Euros con 95;http://1.bp.blogspot.com/-Q6UYwUZhlgg/VgHA0S-eXjI/AAAAAAAAPjs/2v2OkZKQ2nY/s640/Regalos%2BRevistas%2BOctubre%2B2015%2B-%2BClara.jpg;;ASIS
Muestras gratis y regalos de las revistas octubre 2015;;Con la revista Telva tenemos de regalo el suplemento Telva Belleza.;http://2.bp.blogspot.com/-z4sd6kCCp0k/VgFNjon0YMI/AAAAAAAApUg/9qKrmQNdg8s/s640/telva.jpg;"Tiempo de preparaci&oacute;n: Entre 15 y 30 min.<br/>Dificultad: Sencilla";ASIS
Muestras gratis y regalos de las revistas octubre 2015;;Vogue regala  una guía de complementos de temporada;http://2.bp.blogspot.com/-qrlk_SpfGLM/Vf_yUyGGKLI/AAAAAAAApRQ/T9XdeRyXGrc/s400/vogue_octubre.jpg;;ASIS
Muestras gratis y regalos de las revistas octubre 2015;;Marie Claire de Octubre trae suplemento de zapatos y especial accesorios;http://2.bp.blogspot.com/-47mQkw43FOE/VgD_aZCmdnI/AAAAAAAApR8/KFbwwPX0pss/s400/marie-claire-oct.jpg;;ASIS
Muestras gratis y regalos de las revistas octubre 2015;;Elle trae los suplementos Elle Kids, Elle Decor y revista Ego (revista masculina);http://4.bp.blogspot.com/-VCyeIeD2gQw/VgEOalCcUEI/AAAAAAAApTU/UPbpIl6pYfo/s400/ELLE-OCT.jpg;;ASIS
Muestras gratis y regalos de las revistas octubre 2015;;Woman nos trae de regalo varios neceseres con colores a elegir;http://3.bp.blogspot.com/-oAW7Lzsx8jM/VgEY67mfSUI/AAAAAAAApTs/kdD3EfxjXRI/s1600/woman-oct.jpg;"Tiempo de preparaci&oacute;n: Entre 15 y 30 min.<br/>Dificultad: Sencilla";ASIS
Muestras gratis y regalos de las revistas octubre 2015;;InStyle viene una muestra gratis de crema hidratante de Bavaria;http://4.bp.blogspot.com/-nlgflyc6Doo/VgEAVeCAILI/AAAAAAAApSE/6RomgN3qo6Q/s400/instyle-oct.jpg;;ASIS
